{
  "battery_vendor": "JYHPFL333838",
  "ocv_curves": {
    "16.22": {
      "ntc_temp_mean": 16.21826533,
      "ntc_temp_std": 0.42263572,
      "ocv_charge": [
        0.11982304,
        3.26229771,
        0.28637975,
        2.31340202,
        0.09008895,
        0.69053395,
        1.49023897,
        -1.43117549,
        0.44916297,
        -0.43292389
      ],
      "ocv_charge_nc": [
        0.11982303993558935,
        3.2622977062651715,
        0.2863797491461917,
        2.313402017841978,
        0.090088948164315,
        1.4902389673472651,
        -1.43117548901979,
        0.4491629685025498
      ],
      "ocv_discharge": [
        0.10496043,
        3.2412278,
        0.3531555,
        1.95452631,
        0.11392714,
        0.57715797,
        1.45137616,
        -1.44658128,
        0.43665102,
        -0.4352522
      ],
      "ocv_discharge_nc": [
        0.10496043285868924,
        3.24122779823769,
        0.3531555021356352,
        1.9545263094683554,
        0.11392714188903844,
        1.4513761578321756,
        -1.446581282868088,
        0.4366510184399813
      ],
      "r_int_mean": 0.59497847,
      "r_int_std": 0.01328926,
      "total_capacity_charge_mean": 0.38650478,
      "total_capacity_charge_std": 0.00505985,
      "total_capacity_discharge_mean": 0.35682065,
      "total_capacity_discharge_std": 0.01603961
    },
    "21.07": {
      "ntc_temp_mean": 21.07313284,
      "ntc_temp_std": 0.43149853,
      "ocv_charge": [
        0.12434922,
        3.26052558,
        0.23705967,
        2.45688294,
        0.07502069,
        0.73454259,
        0.32124891,
        -0.30402779,
        0.09713981,
        -0.09239702
      ],
      "ocv_charge_nc": [
        0.12434922438510795,
        3.2605255763205587,
        0.2370596689167912,
        2.4568829399951606,
        0.07502068721592382,
        0.32124891417585416,
        -0.3040277931322561,
        0.09713980536940482
      ],
      "ocv_discharge": [
        0.1076474,
        3.24306945,
        0.24462655,
        1.96288214,
        0.07909949,
        0.58457794,
        1.64727466,
        -1.6414554,
        0.49498947,
        -0.49328943
      ],
      "ocv_discharge_nc": [
        0.10764739698227647,
        3.2430694466160968,
        0.24462655272377523,
        1.962882144313541,
        0.07909949043734589,
        1.6472746579769768,
        -1.6414553952514168,
        0.49498947241995783
      ],
      "r_int_mean": 0.56193679,
      "r_int_std": 0.07457881,
      "total_capacity_charge_mean": 0.39771252,
      "total_capacity_charge_std": 0.00277507,
      "total_capacity_discharge_mean": 0.36673435,
      "total_capacity_discharge_std": 0.01585304
    },
    "26.08": {
      "ntc_temp_mean": 26.08384269,
      "ntc_temp_std": 0.48429538,
      "ocv_charge": [
        0.10673057,
        3.29165036,
        0.15920012,
        2.57597238,
        0.04943582,
        0.7699156,
        2.53840279,
        -2.39971375,
        0.76327536,
        -0.72510938
      ],
      "ocv_charge_nc": [
        0.10673056655045149,
        3.2916503645266464,
        0.15920011549388524,
        2.5759723846274465,
        0.04943581830459544,
        2.53840279306703,
        -2.399713749416294,
        0.7632753642054868
      ],
      "ocv_discharge": [
        0.11022926,
        3.23718181,
        0.18369047,
        2.00398933,
        0.05969991,
        0.60102795,
        1.08877389,
        -1.08413512,
        0.32757829,
        -0.32622419
      ],
      "ocv_discharge_nc": [
        0.11022925890396655,
        3.2371818105162746,
        0.18369047033673722,
        2.003989327347339,
        0.059699910713559436,
        1.088773893846826,
        -1.0841351239054848,
        0.3275782916067429
      ],
      "r_int_mean": 0.44420609,
      "r_int_std": 0.11058245,
      "total_capacity_charge_mean": 0.35573766,
      "total_capacity_charge_std": 0.02392787,
      "total_capacity_discharge_mean": 0.37063681,
      "total_capacity_discharge_std": 0.01637042
    },
    "31.01": {
      "ntc_temp_mean": 31.01454611,
      "ntc_temp_std": 0.47447407,
      "ocv_charge": [
        0.10211642,
        3.27723481,
        0.34693216,
        2.82132063,
        0.10859057,
        0.84054588,
        0.65642465,
        -0.64603568,
        0.19630908,
        -0.1934367
      ],
      "ocv_charge_nc": [
        0.10211642428386936,
        3.277234814942382,
        0.34693216152767076,
        2.821320626763697,
        0.1085905709386663,
        0.6564246474892433,
        -0.6460356805883535,
        0.19630907757478108
      ],
      "ocv_discharge": [
        0.1122939,
        3.24217009,
        0.17045615,
        1.98326131,
        0.0553754,
        0.59427946,
        1.60037391,
        -1.59699987,
        0.48044022,
        -0.47946177
      ],
      "ocv_discharge_nc": [
        0.11229390211230045,
        3.242170093979537,
        0.17045615176079465,
        1.9832613105079628,
        0.05537539986395413,
        1.6003739127068533,
        -1.5969998716263782,
        0.4804402200890507
      ],
      "r_int_mean": 0.45361077,
      "r_int_std": 0.02574544,
      "total_capacity_charge_mean": 0.37188625,
      "total_capacity_charge_std": 0.0070517,
      "total_capacity_discharge_mean": 0.362055,
      "total_capacity_discharge_std": 0.01677625
    }
  },
  "r_int": [
    3.7436975192657993,
    0.007717458045801273,
    3.5908915865690942,
    0.17652344255150104
  ]
}