{
  "battery_vendor": "JYHPFL333838",
  "ocv_curves": {
    "16.22": {
      "ntc_temp_mean": 16.21826533,
      "ntc_temp_std": 0.42263572,
      "ocv_charge": [
        0.11982304,
        3.26229771,
        0.26147288,
        2.11220208,
        0.08225378,
        0.63047721,
        1.4806029,
        -1.42192133,
        0.44625863,
        -0.43012455
      ],
      "ocv_charge_nc": [
        0.11982304119135614,
        3.2622977055940052,
        0.26147288361613763,
        2.112202083684499,
        0.08225378061491218,
        1.4806029003986088,
        -1.4219213346858526,
        0.44625862583244
      ],
      "ocv_discharge": [
        0.10496043,
        3.2412278,
        0.35295567,
        1.95341973,
        0.11386268,
        0.5768312,
        1.45142505,
        -1.44663001,
        0.43666573,
        -0.43526686
      ],
      "ocv_discharge_nc": [
        0.10496042650302786,
        3.2412278023666454,
        0.35295566623623703,
        1.9534197297731164,
        0.11386267500168944,
        1.4514250456276658,
        -1.446630008841445,
        0.43666572661928144
      ],
      "r_int_mean": 0.59497847,
      "r_int_std": 0.01328926,
      "total_capacity_charge_mean": 0.38650478,
      "total_capacity_charge_std": 0.00505985,
      "total_capacity_discharge_mean": 0.35682065,
      "total_capacity_discharge_std": 0.01603961
    },
    "21.07": {
      "ntc_temp_mean": 21.07313284,
      "ntc_temp_std": 0.43149853,
      "ocv_charge": [
        0.12434922,
        3.26052558,
        0.18130714,
        1.87906454,
        0.05737706,
        0.56179027,
        0.95313387,
        -0.90203943,
        0.28821028,
        -0.2741386
      ],
      "ocv_charge_nc": [
        0.12434922056436379,
        3.260525578231495,
        0.18130714235870168,
        1.8790645447740695,
        0.05737705818924919,
        0.9531338720127571,
        -0.9020394269280776,
        0.2882102782605647
      ],
      "ocv_discharge": [
        0.1076474,
        3.24306945,
        0.24438275,
        1.96092594,
        0.07902066,
        0.58399535,
        1.64727145,
        -1.6414522,
        0.49498851,
        -0.49328847
      ],
      "ocv_discharge_nc": [
        0.10764739592308309,
        3.2430694471661856,
        0.24438275317850666,
        1.9609259382504696,
        0.07902065838292414,
        1.6472714490041243,
        -1.6414521970008507,
        0.4949885082018226
      ],
      "r_int_mean": 0.56193679,
      "r_int_std": 0.07457881,
      "total_capacity_charge_mean": 0.39771252,
      "total_capacity_charge_std": 0.00277507,
      "total_capacity_discharge_mean": 0.36673435,
      "total_capacity_discharge_std": 0.01585304
    },
    "26.08": {
      "ntc_temp_mean": 26.08384269,
      "ntc_temp_std": 0.48429538,
      "ocv_charge": [
        0.10673057,
        3.29165036,
        0.18106975,
        2.92983912,
        0.05622692,
        0.87568052,
        0.21988304,
        -0.20786943,
        0.06611689,
        -0.06281086
      ],
      "ocv_charge_nc": [
        0.10673056909541374,
        3.2916503632310494,
        0.18106975423558871,
        2.9298391175477363,
        0.056226915715489385,
        0.21988303809273788,
        -0.20786943380565998,
        0.06611689299321125
      ],
      "ocv_discharge": [
        0.11022926,
        3.23718181,
        0.18180041,
        1.98336957,
        0.05908564,
        0.59484376,
        1.08818311,
        -1.08354685,
        0.32740054,
        -0.32604718
      ],
      "ocv_discharge_nc": [
        0.11022926263497872,
        3.237181808436317,
        0.18180041317984516,
        1.9833695738463906,
        0.05908563690196681,
        1.088183105147761,
        -1.0835468525408458,
        0.3274005415112971
      ],
      "r_int_mean": 0.44420609,
      "r_int_std": 0.11058245,
      "total_capacity_charge_mean": 0.35573766,
      "total_capacity_charge_std": 0.02392787,
      "total_capacity_discharge_mean": 0.37063681,
      "total_capacity_discharge_std": 0.01637042
    },
    "31.01": {
      "ntc_temp_mean": 31.01454611,
      "ntc_temp_std": 0.47447407,
      "ocv_charge": [
        0.10211643,
        3.27723481,
        0.33381647,
        2.71466212,
        0.10448533,
        0.8087695,
        0.5362397,
        -0.52775286,
        0.1603668,
        -0.15802033
      ],
      "ocv_charge_nc": [
        0.10211643269851399,
        3.277234810023803,
        0.333816474161788,
        2.7146621208808295,
        0.10448533056888301,
        0.5362397031883741,
        -0.5277528553193053,
        0.16036680190911703
      ],
      "ocv_discharge": [
        0.11229389,
        3.2421701,
        0.17060663,
        1.98501179,
        0.05542429,
        0.59480398,
        1.60045908,
        -1.59708486,
        0.48046579,
        -0.47948729
      ],
      "ocv_discharge_nc": [
        0.11229389365785507,
        3.2421700991722338,
        0.17060663234703682,
        1.9850117915190575,
        0.05542428576712199,
        1.6004590849118898,
        -1.597084863990599,
        0.4804657894445258
      ],
      "r_int_mean": 0.45361077,
      "r_int_std": 0.02574544,
      "total_capacity_charge_mean": 0.37188625,
      "total_capacity_charge_std": 0.0070517,
      "total_capacity_discharge_mean": 0.362055,
      "total_capacity_discharge_std": 0.01677625
    }
  },
  "r_int": [
    0.3458539575136203,
    0.0007078180453024242,
    0.33184240934650694,
    0.016292890407616428
  ]
}