{
  "r_int": [
    10.226749460951751,
    0.6347991595269858,
    4.511901314762464,
    2.0382604971682143
  ],
  "ocv_curves": {
    "15": {
      "ocv_dischg": [
        0.11420592,
        3.23205016,
        14.89259421,
        138.112728,
        4.85996727,
        41.18793114,
        1200.02737637,
        -1196.62601821,
        361.20721369,
        -360.21490802
      ],
      "ocv_dischg_nc": [
        0.11420592158217568,
        3.232050160449992,
        14.89259420587965,
        138.11272800068312,
        4.859967266724988,
        1200.0273763739085,
        -1196.6260182088897,
        361.20721369441844
      ],
      "bat_temp_dischg": 15.55412548,
      "total_capacity_dischg": 355.85866216,
      "effective_capacity_dischg": 355.84534396,
      "ocv_chg": [
        0.11563593,
        3.27641754,
        35.13916317,
        290.35474385,
        10.99494143,
        86.38901747,
        1188.56697029,
        -1146.97580735,
        356.59373491,
        -345.19591817
      ],
      "ocv_chg_nc": [
        0.1156359264145275,
        3.276417538516989,
        35.13916317179666,
        290.35474384885543,
        10.994941434398282,
        1188.5669702947998,
        -1146.9758073527826,
        356.5937349123564
      ],
      "bat_temp_chg": 17.50530581,
      "total_capacity_chg": 378.78633672,
      "effective_capacity_chg": 379.36050716
    },
    "20": {
      "ocv_dischg": [
        0.11494683,
        3.23399238,
        424.47137239,
        4847.34414419,
        138.41290072,
        1452.40818782,
        13568.2036065,
        -13529.72154863,
        4080.98220588,
        -4069.78317234
      ],
      "ocv_dischg_nc": [
        0.11494683205719948,
        3.233992381161771,
        424.471372388723,
        4847.344144185132,
        138.41290071974714,
        13568.203606501682,
        -13529.721548626614,
        4080.982205875392
      ],
      "bat_temp_dischg": 20.54028614,
      "total_capacity_dischg": 365.44620943,
      "effective_capacity_dischg": 365.45029151,
      "ocv_chg": [
        0.11804526,
        3.27605693,
        -64.43764227,
        -488.47971986,
        -20.23974759,
        -144.79048232,
        50.22221635,
        -48.43098402,
        15.0635347,
        -14.57283461
      ],
      "ocv_chg_nc": [
        0.11804526286826113,
        3.2760569325201883,
        -64.43764226905135,
        -488.47971985855014,
        -20.23974759027065,
        50.222216345283854,
        -48.43098402170469,
        15.063534704632104
      ],
      "bat_temp_chg": 22.46267614,
      "total_capacity_chg": 392.83084312,
      "effective_capacity_chg": 393.39408547
    },
    "25": {
      "ocv_dischg": [
        0.11725397,
        3.23477671,
        54.27707882,
        786.93371354,
        17.72975582,
        236.68339143,
        2557.88745201,
        -2549.46387826,
        768.79981481,
        -766.35356563
      ],
      "ocv_dischg_nc": [
        0.11725397458445527,
        3.2347767113117896,
        54.277078818760685,
        786.9337135444903,
        17.729755815623758,
        2557.8874520096388,
        -2549.463878264253,
        768.7998148066536
      ],
      "bat_temp_dischg": 25.46324526,
      "total_capacity_dischg": 369.62011903,
      "effective_capacity_dischg": 369.62432318,
      "ocv_chg": [
        0.11107424,
        3.28085885,
        29.06573967,
        389.15768536,
        9.12553338,
        116.25627115,
        1116.90227652,
        -1081.56034992,
        334.67643211,
        -324.99426452
      ],
      "ocv_chg_nc": [
        0.1110742365286408,
        3.2808588460742305,
        29.06573967432699,
        389.15768536388634,
        9.125533379691046,
        1116.9022765175046,
        -1081.5603499215863,
        334.67643211040837
      ],
      "bat_temp_chg": 27.54356843,
      "total_capacity_chg": 375.31810179,
      "effective_capacity_chg": 375.88569692
    },
    "30": {
      "ocv_dischg": [
        0.11739226,
        3.23820104,
        121.26320416,
        1959.21647863,
        39.64145015,
        589.47782949,
        1125.87689677,
        -1123.8117779,
        337.97398042,
        -337.37606791
      ],
      "ocv_dischg_nc": [
        0.11739226373745294,
        3.238201040659136,
        121.26320415640441,
        1959.2164786271217,
        39.64145015378759,
        1125.8768967712388,
        -1123.8117779044117,
        337.9739804233773
      ],
      "bat_temp_dischg": 31.41161953,
      "total_capacity_dischg": 361.17025582,
      "effective_capacity_dischg": 361.16916939,
      "ocv_chg": [
        0.10586488,
        3.27789862,
        70.61477461,
        661.64836876,
        22.27319166,
        196.62249602,
        1055.89964153,
        -1040.95270873,
        315.38088014,
        -311.27759921
      ],
      "ocv_chg_nc": [
        0.10586488319249603,
        3.27789861567586,
        70.6147746093391,
        661.648368755764,
        22.273191659994918,
        1055.899641531105,
        -1040.9527087318484,
        315.38088013880264
      ],
      "bat_temp_chg": 32.30640365,
      "total_capacity_chg": 379.74544518,
      "effective_capacity_chg": 380.30731693
    }
  },
  "battery_vendor": "JYHPFL333838"
}